"","cited","citing"
"1","10.1038/nature19791","10.1096/fj.201801909r"
"2","10.1038/nature19791","10.1002/ange.201901572"
"3","10.1038/nature19791","10.1021/acs.langmuir.7b03617"
"4","10.1038/nature19791","10.1038/nchembio.2380"
"5","10.1038/nature19791","10.1016/j.str.2020.04.005"
"6","10.1038/nature19791","10.1021/acs.jcim.7b00677"
"7","10.1038/nature19791","10.1016/j.jmb.2021.167160"
"8","10.1038/nature19791","10.1002/adma.201804971"
"9","10.1038/nature19791","10.1038/s41598-017-05037-1"
"10","10.1038/nature19791","10.3389/fimmu.2022.999034"
"11","10.1038/nature19791","10.1039/c7sc03956e"
"12","10.1038/nature19791","10.1002/advs.202104012"
"13","10.1038/nature19791","10.1021/acs.jpclett.2c02385"
"14","10.1038/nature19791","10.1021/acs.biochem.9b00065"
"15","10.1038/nature19791","10.1021/acs.biochem.8b00940"
"16","10.1038/nature19791","10.7554/elife.32955"
"17","10.1038/nature19791","10.1038/s41467-022-29210-x"
"18","10.1038/nature19791","10.1186/s12870-018-1361-y"
"19","10.1038/nature19791","10.1039/c9cc07898c"
"20","10.1038/nature19791","10.1021/acs.biochem.7b00722"
"21","10.1038/nature19791","10.1021/acs.biochem.7b00375"
"22","10.1038/nature19791","10.1039/d1md00098e"
"23","10.1038/nature19791","10.1016/j.crstbi.2021.02.002"
"24","10.1038/nature19791","10.1016/j.matt.2019.09.013"
"25","10.1038/nature19791","10.1021/jacs.2c04620"
"26","10.1038/nature19791","10.1021/jacs.2c00216"
"27","10.1038/nature19791","10.1186/s40580-021-00294-3"
"28","10.1038/nature19791","10.1093/protein/gzab007"
"29","10.1038/nature19791","10.1093/protein/gzz016"
"30","10.1038/nature19791","10.1093/protein/gzz009"
"31","10.1038/nature19791","10.1093/protein/gzy028"
"32","10.1038/nature19791","10.1016/j.biotechadv.2022.108032"
"33","10.1038/nature19791","10.1002/macp.202200103"
"34","10.1038/nature19791","10.1002/pro.4368"
"35","10.1038/nature19791","10.1002/pro.3974"
"36","10.1038/nature19791","10.1002/pro.3758"
"37","10.1038/nature19791","10.1002/pro.3721"
"38","10.1038/nature19791","10.1002/pro.3601"
"39","10.1038/nature19791","10.1038/s41467-021-27222-7"
"40","10.1038/nature19791","10.1038/s41467-017-02098-8"
"41","10.1038/nature19791","10.3390/info8010029"
"42","10.1038/nature19791","10.1016/j.bcp.2020.114291"
"43","10.1038/nature19791","10.1038/s41524-020-0288-7"
"44","10.1038/nature19791","10.1002/pro.3453"
"45","10.1038/nature19791","10.1002/pro.3313"
"46","10.1038/nature19791","10.1021/acs.analchem.8b01556"
"47","10.1038/nature19791","10.1021/acs.analchem.8b01624"
"48","10.1038/nature19791","10.1002/anie.201901572"
"49","10.1038/nature19791","10.1002/anie.201813827"
"50","10.1038/nature19791","10.1016/j.molliq.2021.116537"
"51","10.1038/nature19791","10.1021/jacs.1c04378"
"52","10.1038/nature19791","10.1039/d0cb00062k"
"53","10.1038/nature19791","10.1073/pnas.2116097119"
"54","10.1038/nature19791","10.1002/syst.202000025"
"55","10.1038/nature19791","10.1016/j.gce.2022.07.010"
"56","10.1038/nature19791","10.1093/bib/bbad289"
"57","10.1038/nature19791","10.1126/science.abj7662"
"58","10.1038/nature19791","10.1088/1361-6633/ac78ef"
"59","10.1038/nature19791","10.1016/j.sbi.2020.10.015"
"60","10.1038/nature19791","10.1002/anie.201801361"
"61","10.1038/nature19791","10.1016/j.bmcl.2022.128806"
"62","10.1038/nature19791","10.1038/s41467-021-23609-8"
"63","10.1038/nature19791","10.1002/1873-3468.13796"
"64","10.1038/nature19791","10.1002/1873-3468.13444"
"65","10.1038/nature19791","10.1021/acs.jmedchem.0c02159"
"66","10.1038/nature19791","10.1039/c7cc09142g"
"67","10.1038/nature19791","10.1002/pro.4908"
"68","10.1038/nature19791","10.1016/j.tibs.2019.12.008"
"69","10.1038/nature19791","10.1016/j.sbi.2020.04.006"
"70","10.1038/nature19791","10.1016/j.sbi.2017.03.012"
"71","10.1038/nature19791","10.1016/j.bmcl.2021.127852"
"72","10.1038/nature19791","10.1021/jacs.9b11617"
"73","10.1038/nature19791","10.1021/acs.jmedchem.0c01500"
"74","10.1038/nature19791","10.1021/acs.jmedchem.0c00303"
"75","10.1038/nature19791","10.1073/pnas.2102164118"
"76","10.1038/nature19791","10.1073/pnas.2102168118"
"77","10.1038/nature19791","10.1016/j.bpj.2024.01.029"
"78","10.1038/nature19791","10.4155/tde-2017-0020"
"79","10.1038/nature19791","10.1021/acs.joc.0c01600"
"80","10.1038/nature19791","10.1080/17460441.2021.1961740"
"81","10.1038/nature19791","10.1080/17460441.2021.1918097"
"82","10.1038/nature19791","10.1080/17460441.2020.1751117"
"83","10.1038/nature19791","10.1080/17460441.2019.1552936"
"84","10.1038/nature19791","10.1080/17460441.2018.1465922"
"85","10.1038/nature19791","10.1080/17460441.2018.1445085"
"86","10.1038/nature19791","10.1080/17460441.2017.1317243"
"87","10.1038/nature19791","10.1073/pnas.2021569118"
"88","10.1038/nature19791","10.1073/pnas.2012800118"
"89","10.1038/nature19791","10.1073/pnas.2017228118"
"90","10.1038/nature19791","10.1039/c7cc90258a"
"91","10.1038/nature19791","10.1073/pnas.2206240119"
"92","10.1038/nature19791","10.1080/07391102.2019.1682051"
"93","10.1038/nature19791","10.1021/acscentsci.8b00912"
"94","10.1038/nature19791","10.1016/j.jsb.2018.02.004"
"95","10.1038/nature19791","10.1016/j.jsb.2017.09.001"
"96","10.1038/nature19791","10.1002/ange.201813827"
"97","10.1038/nature19791","10.1038/s41587-020-0577-1"
"98","10.1038/nature19791","10.1002/cbic.202100450"
"99","10.1038/nature19791","10.18359/rfcb.5434"
"100","10.1038/nature19791","10.1016/j.xphs.2020.12.041"
"101","10.1038/nature19791","10.1021/acs.accounts.7b00186"
"102","10.1038/nature19791","10.1021/acs.jpcb.8b10649"
"103","10.1038/nature19791","10.1021/acschemneuro.1c00567"
"104","10.1038/nature19791","10.1039/c9ra02137j"
"105","10.1038/nature19791","10.1038/s41467-020-20549-7"
"106","10.1038/nature19791","10.1021/acs.jmedchem.8b00378"
"107","10.1038/nature19791","10.1016/j.cclet.2022.107871"
"108","10.1038/nature19791","10.1126/science.aau3775"
"109","10.1038/nature19791","10.1039/d2sc00924b"
"110","10.1038/nature19791","10.1016/j.biomaterials.2017.02.023"
"111","10.1038/nature19791","10.1021/acsnano.0c09509"
"112","10.1038/nature19791","10.1002/anie.201611914"
"113","10.1038/nature19791","10.1021/acs.joc.9b00164"
"114","10.1038/nature19791","10.1021/jacs.8b11246"
"115","10.1038/nature19791","10.3390/v13102047"
"116","10.1038/nature19791","10.1038/s41467-023-41717-5"
"117","10.1038/nature19791","10.1039/d1sc02952e"
"118","10.1038/nature19791","10.1039/d1sc00692d"
"119","10.1038/nature19791","10.1039/d1sc01031j"
"120","10.1038/nature19791","10.1002/anie.201702472"
"121","10.1038/nature19791","10.1021/jacs.8b10082"
"122","10.1038/nature19791","10.3389/fnmol.2019.00054"
"123","10.1038/nature19791","10.1021/acs.jnatprod.1c00672"
"124","10.1038/nature19791","10.1038/nature23912"
"125","10.1038/nature19791","10.1126/science.aap7577"
"126","10.1038/nature19791","10.1126/science.aap9608"
"127","10.1038/nature19791","10.1016/j.bmc.2020.115896"
"128","10.1038/nature19791","10.1073/pnas.1914982117"
"129","10.1038/nature19791","10.1021/acs.jnatprod.8b00521"
"130","10.1038/nature19791","10.1515/hsz-2018-0348"
"131","10.1038/nature19791","10.1021/acs.jctc.3c01054"
"132","10.1038/nature19791","10.1126/science.aan0693"
"133","10.1038/nature19791","10.1111/febs.14394"
"134","10.1038/nature19791","10.1098/rsif.2018.0472"
"135","10.1038/nature19791","10.1016/j.ddtec.2017.11.007"
"136","10.1038/nature19791","10.1021/acs.jcim.1c00453"
"137","10.1038/nature19791","10.1515/psr-2020-0125"
"138","10.1038/nature19791","10.1021/acsbiomedchemau.2c00008"
"139","10.1038/nature19791","10.1038/s41594-021-00649-8"
"140","10.1038/nature19791","10.1038/s41594-018-0141-6"
"141","10.1038/nature19791","10.1038/s41594-018-0033-9"
"142","10.1038/nature19791","10.1074/jbc.ra118.004146"
"143","10.1038/nature19791","10.1016/j.biotechadv.2018.10.011"
"144","10.1038/nature19791","10.1021/acs.chemrev.0c01087"
"145","10.1038/nature19791","10.1002/chem.202101201"
"146","10.1038/nature19791","10.1021/acs.jcim.8b00375"
"147","10.1038/nature19791","10.1021/acs.jcim.8b00267"
"148","10.1038/nature19791","10.1016/j.csbj.2022.08.070"
"149","10.1038/nature19791","10.1073/pnas.2206111119"
"150","10.1038/nature19791","10.1038/nature19946"
"151","10.1038/nature19791","10.1039/d3cc04630c"
"152","10.1038/nature19791","10.1039/c7sc05163h"
"153","10.1038/nature19791","10.1021/acsomega.0c02574"
"154","10.1038/nature19791","10.1016/j.bbagen.2020.129633"
"155","10.1038/nature19791","10.1103/physrevresearch.6.013162"
"156","10.1038/nature19791","10.1002/wcms.1374"
"157","10.1038/nature19791","10.1002/wcms.1318"
"158","10.1038/nature19791","10.3389/fmolb.2022.848689"
"159","10.1038/nature19791","10.1017/s0033583519000131"
"160","10.1038/nature19791","10.1002/cbic.201800558"
"161","10.1038/nature19791","10.1002/cbic.201800346"
"162","10.1038/nature19791","10.1002/cbic.201800026"
"163","10.1038/nature19791","10.1016/j.cell.2022.07.019"
"164","10.1038/nature19791","10.1016/j.cbpa.2020.02.002"
"165","10.1038/nature19791","10.1016/j.cell.2020.08.015"
"166","10.1038/nature19791","10.1002/ddr.21398"
"167","10.1038/nature19791","10.1002/jcc.25589"
"168","10.1038/nature19791","10.1073/pnas.2207327119"
"169","10.1038/nature19791","10.1039/c8ob01678j"
"170","10.1038/nature19791","10.1073/pnas.2207974120"
"171","10.1038/nature19791","10.1039/c6ob02746f"
"172","10.1038/nature19791","10.2174/0929867325666180831165704"
"173","10.1038/nature19791","10.1038/s41467-024-45480-z"
"174","10.1038/nature19791","10.1016/j.ijbiomac.2023.127089"
"175","10.1038/nature19791","10.2174/1381612828666220929154255"
"176","10.1038/nature19791","10.1039/d2cp04690c"
"177","10.1038/nature19791","10.1016/j.ijbiomac.2023.126811"
"178","10.1038/nature19791","10.2147/oajc.s375634"
"179","10.1038/nature19791","10.1002/ange.201801361"
"180","10.1038/nature19791","10.1021/acs.jpclett.0c00929"
"181","10.1038/nature19791","10.1371/journal.pone.0240450"
"182","10.1038/nature19791","10.1146/annurev-micro-090816-093247"
"183","10.1038/nature19791","10.1371/journal.pcbi.1010271"
"184","10.1038/nature19791","10.1371/journal.pcbi.1009037"
"185","10.1038/nature19791","10.1002/cbic.202200537"
"186","10.1038/nature19791","10.1371/journal.pcbi.1010947"
"187","10.1038/nature19791","10.1016/j.cclet.2018.03.015"
"188","10.1038/nature19791","10.1007/s11356-021-15310-6"
"189","10.1038/nature19791","10.1126/scitranslmed.abn0402"
"190","10.1038/nature19791","10.1021/acs.orglett.9b00378"
"191","10.1038/nature19791","10.1021/acs.jctc.1c00077"
"192","10.1038/nature19791","10.1073/pnas.1722633115"
"193","10.1038/nature19791","10.1016/j.drudis.2021.01.022"
"194","10.1038/nature19791","10.1039/d2cc00008c"
"195","10.1038/nature19791","10.3389/fmolb.2022.928534"
"196","10.1038/nature19791","10.1016/j.ijbiomac.2020.05.102"
"197","10.1038/nature19791","10.1021/acs.jctc.7b00125"
"198","10.1038/nature19791","10.1002/cbic.202200588"
"199","10.1038/nature19791","10.1021/jacs.2c12462"
"200","10.1038/nature19791","10.1038/s41586-023-05993-x"
"201","10.1038/nature19791","10.1371/journal.pcbi.1006969"
"202","10.1038/nature19791","10.1016/j.pep.2019.01.007"
"203","10.1038/nature19791","10.1021/acs.molpharmaceut.0c00118"
"204","10.1038/nature19791","10.1021/acs.jctc.9b00101"
"205","10.1038/nature19791","10.1021/acscatal.1c01097"
"206","10.1038/nature19791","10.1016/j.tips.2019.04.012"
"207","10.1038/nature19791","10.1016/j.tips.2019.03.004"
"208","10.1038/nature19791","10.1038/s41598-018-24766-5"
"209","10.1038/nature19791","10.1038/s41598-018-24760-x"
"210","10.1038/nature19791","10.1038/s41467-022-33004-6"
"211","10.1038/nature19791","10.1038/s41467-022-32075-9"
"212","10.1038/nature19791","10.1039/d2sc05343h"
"213","10.1038/nature19791","10.1038/s41573-019-0013-8"
"214","10.1038/nature19791","10.1093/bioinformatics/btab598"
"215","10.1038/nature19791","10.1093/bib/bby130"
"216","10.1038/nature19791","10.1002/ange.201702472"
"217","10.1038/nature19791","10.1038/s41589-020-00699-x"
"218","10.1038/nature19791","10.1038/s41592-020-0848-2"
"219","10.1038/nature19791","10.1002/prot.25445"
"220","10.1038/nature19791","10.1007/s10989-022-10362-9"
"221","10.1038/nature19791","10.1016/j.csbj.2022.06.021"
"222","10.1038/nature19791","10.1073/pnas.1713526115"
"223","10.1038/nature19791","10.1021/acs.jmedchem.2c01077"
"224","10.1038/nature19791","10.1007/s10822-022-00482-1"
"225","10.1038/nature19791","10.1021/acs.jpcb.2c05470"
"226","10.1038/nature19791","10.1007/s11244-018-0953-y"
"227","10.1038/nature19791","10.1016/j.jbc.2021.100558"
"228","10.1038/nature19791","10.1016/j.jbc.2021.100425"
"229","10.1038/nature19791","10.1021/acs.analchem.1c00395"
"230","10.1038/nature19791","10.1002/ange.201611914"
"231","10.1038/nature19791","10.3390/toxins12090598"
"232","10.1038/nature19791","10.1038/s41589-018-0039-y"
"233","10.1038/nature19791","10.1021/acs.jctc.7b00125"
"234","10.1038/nature19791","10.1016/j.csbj.2020.06.018"
"235","10.1038/nature19791","10.1073/pnas.1710695114"
"236","10.1038/nature19791","10.1002/cbic.202300745"
"237","10.1038/nature19791","10.1038/s41594-023-01147-9"
"238","10.1038/nature19791","10.7554/elife.36326"
"239","10.1038/nature19791","10.3390/ijms22041611"
"240","10.1038/nature19791","10.3389/fphar.2022.842032"
"241","10.1038/nature19791","10.1002/chem.201703199"
"242","10.1038/nature19791","10.3390/mca26020039"
"243","10.1038/nature19791","10.3390/life7020023"
"244","10.1038/nature19791","10.1186/s12859-024-05637-5"
"245","10.1038/nature19791","10.1021/acs.biochem.0c00533"
"246","10.1073/pnas.71.10.4135","10.1016/j.biotechadv.2013.04.008"
"247","10.1073/pnas.71.10.4135","10.1111/febs.12892"
"248","10.1073/pnas.71.10.4135","10.1111/febs.12532"
"249","10.1073/pnas.71.10.4135","10.1098/rsif.2008.0280"
"250","10.1073/pnas.71.10.4135","10.1016/j.jtbi.2004.06.026"
"251","10.1073/pnas.71.10.4135","10.1111/j.1432-1033.1994.tb20059.x"
"252","10.1073/pnas.71.10.4135","10.1038/s41467-020-14806-y"
"253","10.1073/pnas.71.10.4135","10.1016/j.isci.2021.103526"
"254","10.1073/pnas.71.10.4135","10.1103/revmodphys.92.025001"
"255","10.1073/pnas.71.10.4135","10.1016/j.plrev.2016.06.010"
"256","10.1073/pnas.71.10.4135","10.1371/journal.pone.0000244"
"257","10.1073/pnas.71.10.4135","10.1111/j.1469-185x.2008.00052.x"
"258","10.1073/pnas.71.10.4135","10.1103/physrevresearch.3.l032034"
"259","10.1073/pnas.71.10.4135","10.1103/physrevlett.93.258103"
"260","10.1073/pnas.71.10.4135","10.1016/j.jmb.2021.167189"
"261","10.1073/pnas.71.10.4135","10.1016/j.jmb.2020.07.007"
"262","10.1073/pnas.71.10.4135","10.1016/s0022-2836(03)00236-5"
"263","10.1073/pnas.71.10.4135","10.1002/bies.950060109"
"264","10.1073/pnas.71.10.4135","10.1002/(sici)1521-1878(199802)20:2<181::aid-bies10>3.0.co;2-0"
"265","10.1073/pnas.71.10.4135","10.1002/bies.20010"
"266","10.1073/pnas.71.10.4135","10.1002/bies.10369"
"267","10.1073/pnas.71.10.4135","10.1016/j.physrep.2020.01.001"
"268","10.1073/pnas.71.10.4135","10.1016/j.physrep.2020.01.002"
"269","10.1073/pnas.71.10.4135","10.1016/j.physrep.2013.03.005"
"270","10.1073/pnas.71.10.4135","10.7124/bc.000873"
"271","10.1073/pnas.71.10.4135","10.7124/bc.00082d"
"272","10.1073/pnas.71.10.4135","10.1039/d2cs00114d"
"273","10.1073/pnas.71.10.4135","10.1073/pnas.1307288110"
"274","10.1073/pnas.71.10.4135","10.1073/pnas.1301585110"
"275","10.1073/pnas.71.10.4135","10.1073/pnas.0705988104"
"276","10.1073/pnas.71.10.4135","10.1038/269655a0"
"277","10.1073/pnas.71.10.4135","10.1016/j.physa.2022.127735"
"278","10.1073/pnas.71.10.4135","10.1002/qua.560480710"
"279","10.1073/pnas.71.10.4135","10.1038/nri2688"
"280","10.1073/pnas.71.10.4135","10.1038/nri2469"
"281","10.1073/pnas.71.10.4135","10.1126/science.1904626"
"282","10.1073/pnas.71.10.4135","10.1021/bi00588a039"
"283","10.1073/pnas.71.10.4135","10.1021/acs.jpcb.9b08380"
"284","10.1073/pnas.71.10.4135","10.1021/acs.jpcb.9b05722"
"285","10.1073/pnas.71.10.4135","10.1128/mr.42.3.529-576.1978"
"286","10.1073/pnas.71.10.4135","10.1128/mr.56.4.592-621.1992"
"287","10.1073/pnas.71.10.4135","10.1128/mr.60.1.103-134.1996"
"288","10.1073/pnas.71.10.4135","10.1128/mr.56.3.412-429.1992"
"289","10.1073/pnas.71.10.4135","10.1042/bst0360567"
"290","10.1073/pnas.71.10.4135","10.1098/rsfs.2022.0013"
"291","10.1073/pnas.71.10.4135","10.1038/nsmb.1880"
"292","10.1073/pnas.71.10.4135","10.1016/s0021-9258(19)51068-7"
"293","10.1073/pnas.71.10.4135","10.1074/jbc.m110.105320"
"294","10.1073/pnas.71.10.4135","10.1074/jbc.m110.133553"
"295","10.1073/pnas.71.10.4135","10.1016/j.pharmthera.2022.108175"
"296","10.1073/pnas.71.10.4135","10.1007/bf00331638"
"297","10.1073/pnas.71.10.4135","10.1016/j.copbio.2018.01.029"
"298","10.1073/pnas.71.10.4135","10.2119/molmed.2009.00026"
"299","10.1073/pnas.71.10.4135","10.1111/j.1432-1033.1979.tb12915.x"
"300","10.1073/pnas.71.10.4135","10.1142/s0218339018500158"
"301","10.1073/pnas.71.10.4135","10.1016/0014-5793(80)80211-0"
"302","10.1073/pnas.71.10.4135","10.1016/0014-5793(83)80519-5"
"303","10.1073/pnas.71.10.4135","10.3390/ijms22020952"
"304","10.1073/pnas.71.10.4135","10.1021/nl502890g"
"305","10.1073/pnas.71.10.4135","10.1371/journal.pcbi.1003300"
"306","10.1073/pnas.71.10.4135","10.1371/journal.pcbi.1003016"
"307","10.1073/pnas.71.10.4135","10.1103/physrevlett.115.038102"
"308","10.1073/pnas.71.10.4135","10.1016/j.semcdb.2011.03.009"
"309","10.1073/pnas.71.10.4135","10.1016/j.semcdb.2010.03.006"
"310","10.1073/pnas.71.10.4135","10.1002/bbpc.19770811216"
"311","10.1073/pnas.71.10.4135","10.1016/j.bpj.2014.09.038"
"312","10.1073/pnas.71.10.4135","10.1016/j.bpj.2013.04.042"
"313","10.1073/pnas.71.10.4135","10.1093/nar/gkac687"
"314","10.1073/pnas.71.10.4135","10.1103/physrevlett.131.068401"
"315","10.1073/pnas.71.10.4135","10.1039/d3cp04410f"
"316","10.1073/pnas.71.10.4135","10.1126/science.1206629"
"317","10.1073/pnas.71.10.4135","10.1126/science.3510456"
"318","10.1073/pnas.71.10.4135","10.1021/acs.biochem.9b00237"
"319","10.1073/pnas.71.10.4135","10.1021/bi00302a020"
"320","10.1073/pnas.71.10.4135","10.1103/physreve.99.060401"
"321","10.1073/pnas.71.10.4135","10.1103/physreve.99.052101"
"322","10.1073/pnas.71.10.4135","10.1103/physreve.99.022423"
"323","10.1073/pnas.71.10.4135","10.1021/jp026753k"
"324","10.1073/pnas.71.10.4135","10.1021/acschembio.9b00973"
"325","10.1073/pnas.71.10.4135","10.1016/j.bpj.2017.11.1170"
"326","10.1073/pnas.71.10.4135","10.1016/s0161-5890(02)00065-2"
"327","10.1073/pnas.71.10.4135","10.1016/s0021-9258(17)30277-6"
"328","10.1073/pnas.71.10.4135","10.1016/s0021-9258(17)34673-2"
"329","10.1073/pnas.71.10.4135","10.1074/jbc.m113.546515"
"330","10.1073/pnas.71.10.4135","10.1080/01496398208068550"
"331","10.1073/pnas.71.10.4135","10.1016/j.copbio.2013.04.008"
"332","10.1073/pnas.71.10.4135","10.1016/j.copbio.2009.08.006"
"333","10.1073/pnas.71.10.4135","10.1006/jtbi.2000.2163"
"334","10.1073/pnas.71.10.4135","10.1016/j.aam.2019.06.001"
"335","10.1073/pnas.71.10.4135","10.1038/s41467-018-03826-4"
"336","10.1073/pnas.71.10.4135","10.1093/nar/gku1370"
"337","10.1073/pnas.71.10.4135","10.1016/0014-5793(84)80617-1"
"338","10.1073/pnas.71.10.4135","10.3390/ijms21249449"
"339","10.1073/pnas.71.10.4135","10.1038/nrm2203"
"340","10.1073/pnas.71.10.4135","10.1063/1.5004793"
"341","10.1073/pnas.71.10.4135","10.3390/e21121212"
"342","10.1073/pnas.71.10.4135","10.3390/e21080743"
"343","10.1073/pnas.71.10.4135","10.1371/journal.pcbi.1002144"
"344","10.1073/pnas.71.10.4135","10.1371/journal.pcbi.1001069"
"345","10.1073/pnas.71.10.4135","10.1371/journal.pcbi.1000804"
"346","10.1073/pnas.71.10.4135","10.1371/journal.pbio.2006459"
"347","10.1073/pnas.71.10.4135","10.3934/biophy.2015.4.398"
"348","10.1073/pnas.71.10.4135","10.1109/memb.2006.1578663"
"349","10.1073/pnas.71.10.4135","10.1103/physreve.92.060101"
"350","10.1073/pnas.71.10.4135","10.1103/physreve.92.032702"
"351","10.1073/pnas.71.10.4135","10.1103/physreve.92.022716"
"352","10.1073/pnas.71.10.4135","10.1073/pnas.1610917113"
"353","10.1073/pnas.71.10.4135","10.1016/j.devcel.2019.04.031"
"354","10.1073/pnas.71.10.4135","10.1038/s41586-020-2447-x"
"355","10.1073/pnas.71.10.4135","10.1103/physreve.63.031909"
"356","10.1073/pnas.71.10.4135","10.1002/cphc.202200644"
"357","10.1073/pnas.71.10.4135","10.1021/bi00505a025"
"358","10.1073/pnas.71.10.4135","10.1103/physreve.98.012420"
"359","10.1073/pnas.71.10.4135","10.1016/j.cell.2006.05.045"
"360","10.1073/pnas.71.10.4135","10.1016/j.cell.2005.10.032"
"361","10.1073/pnas.71.10.4135","10.1016/j.cell.2005.09.034"
"362","10.1073/pnas.71.10.4135","10.1016/s0021-9258(17)33149-6"
"363","10.1073/pnas.71.10.4135","10.1016/s0021-9258(18)67064-4"
"364","10.1073/pnas.71.10.4135","10.1074/jbc.m113.544429"
"365","10.1073/pnas.71.10.4135","10.1016/s0958-1669(02)00329-4"
"366","10.1073/pnas.71.10.4135","10.1111/j.1432-1033.1979.tb02041.x"
"367","10.1073/pnas.71.10.4135","10.1038/nrm2023"
"368","10.1073/pnas.71.10.4135","10.1038/nrm1588"
"369","10.1073/pnas.71.10.4135","10.1021/ja3095558"
"370","10.1073/pnas.71.10.4135","10.3390/e20050368"
"371","10.1073/pnas.71.10.4135","10.3390/e20040306"
"372","10.1073/pnas.71.10.4135","10.1371/journal.pcbi.0030125"
"373","10.1073/pnas.71.10.4135","10.3390/genes2040998"
"374","10.1073/pnas.71.10.4135","10.3390/biom9100588"
"375","10.1073/pnas.71.10.4135","10.1007/s11538-013-9884-8"
"376","10.1073/pnas.71.10.4135","10.1016/j.jmb.2006.07.068"
"377","10.1073/pnas.71.10.4135","10.1016/j.jmb.2006.07.031"
"378","10.1073/pnas.71.10.4135","10.1073/pnas.1012051108"
"379","10.1073/pnas.71.10.4135","10.1016/j.devcel.2018.03.002"
"380","10.1073/pnas.71.10.4135","10.1016/j.devcel.2017.10.006"
"381","10.1073/pnas.71.10.4135","10.1016/j.devcel.2017.09.014"
"382","10.1073/pnas.71.10.4135","10.1016/j.bpj.2011.11.4018"
"383","10.1073/pnas.71.10.4135","10.1016/j.bpj.2011.10.037"
"384","10.1073/pnas.71.10.4135","10.1016/j.bpj.2011.07.001"
"385","10.1073/pnas.71.10.4135","10.1016/j.tcb.2022.07.006"
"386","10.1073/pnas.71.10.4135","10.1038/382496a0"
"387","10.1073/pnas.71.10.4135","10.1088/1367-2630/acc757"
"388","10.1073/pnas.71.10.4135","10.1128/jb.00852-08"
"389","10.1073/pnas.71.10.4135","10.1016/s0021-9258(20)79678-x"
"390","10.1073/pnas.71.10.4135","10.1074/jbc.m704788200"
"391","10.1073/pnas.71.10.4135","10.1091/mbc.e17-06-0350"
"392","10.1073/pnas.71.10.4135","10.1039/c6mb00388e"
"393","10.1073/pnas.71.10.4135","10.1039/c5mb00055f"
"394","10.1073/pnas.71.10.4135","10.1111/j.1432-1033.1977.tb11415.x"
"395","10.1073/pnas.71.10.4135","10.1063/1.5140714"
"396","10.1073/pnas.71.10.4135","10.1093/nar/gkt136"
"397","10.1073/pnas.71.10.4135","10.3390/ijms16059866"
"398","10.1073/pnas.71.10.4135","10.1016/s0300-9084(02)01409-8"
"399","10.1073/pnas.71.10.4135","10.1063/1.4967335"
"400","10.1073/pnas.71.10.4135","10.1021/jp004117l"
"401","10.1073/pnas.71.10.4135","10.4049/jimmunol.170.7.3769"
"402","10.1073/pnas.71.10.4135","10.1073/pnas.1602602113"
"403","10.1073/pnas.71.10.4135","10.1073/pnas.1608795113"
"404","10.1073/pnas.71.10.4135","10.1073/pnas.0503456102"
"405","10.1073/pnas.71.10.4135","10.1126/science.281.5376.568"
"406","10.1073/pnas.71.10.4135","10.1126/science.285.5436.2095"
"407","10.1073/pnas.71.10.4135","10.1126/science.1060612"
"408","10.1073/pnas.71.10.4135","10.1126/science.280.5363.541"
"409","10.1073/pnas.71.10.4135","10.1038/263289a0"
"410","10.1073/pnas.71.10.4135","10.1002/1099-1352(200101/02)14:1<42::aid-jmr518>3.0.co;2-8"
"411","10.1073/pnas.71.10.4135","10.1038/s41594-023-01078-5"
"412","10.1073/pnas.71.10.4135","10.1103/physrevresearch.5.023032"
"413","10.1073/pnas.71.10.4135","10.1103/physrevresearch.5.013170"
"414","10.1073/pnas.71.10.4135","10.1038/s41570-023-00558-y"
"415","10.1073/pnas.71.10.4135","10.1039/d0cp02422h"
"416","10.1073/pnas.71.10.4135","10.1021/acs.biochem.5b00122"
"417","10.1073/pnas.71.10.4135","10.1016/s0092-8674(00)80738-2"
"418","10.1073/pnas.71.10.4135","10.1042/bst0331460"
"419","10.1073/pnas.71.10.4135","10.1007/bf00986958"
"420","10.1073/pnas.71.10.4135","10.1007/bf00379994"
"421","10.1073/pnas.71.10.4135","10.1016/s0021-9258(18)45296-9"
"422","10.1073/pnas.71.10.4135","10.1016/j.tree.2005.11.008"
"423","10.1073/pnas.71.10.4135","10.1091/mbc.e14-02-0753"
"424","10.1073/pnas.71.10.4135","10.1002/pro.3190"
"425","10.1073/pnas.71.10.4135","10.1002/anie.201001436"
"426","10.1073/pnas.71.10.4135","10.1111/j.1432-1033.1982.tb06516.x"
"427","10.1073/pnas.71.10.4135","10.1093/nar/gks1240"
"428","10.1073/pnas.71.10.4135","10.1016/0014-5793(83)80026-x"
"429","10.1073/pnas.71.10.4135","10.1016/0014-5793(88)81225-0"
"430","10.1073/pnas.71.10.4135","10.1016/0014-5793(75)80702-2"
"431","10.1073/pnas.71.10.4135","10.1002/ange.19850971206"
"432","10.1073/pnas.71.10.4135","10.1038/emboj.2008.243"
"433","10.1073/pnas.71.10.4135","10.2976/1.2909080"
"434","10.1073/pnas.71.10.4135","10.1016/j.nbt.2011.11.016"
"435","10.1073/pnas.71.10.4135","10.1103/physreve.90.022704"
"436","10.1073/pnas.71.10.4135","10.1103/physreve.89.062716"
"437","10.1073/pnas.71.10.4135","10.1103/physreve.89.062108"
"438","10.1073/pnas.71.10.4135","10.1073/pnas.2021860119"
"439","10.1073/pnas.71.10.4135","10.1073/pnas.0501062102"
"440","10.1073/pnas.71.10.4135","10.1146/annurev.biochem.66.1.679"
"441","10.1073/pnas.71.10.4135","10.1146/annurev.biochem.70.1.415"
"442","10.1073/pnas.71.10.4135","10.3390/ijms232314728"
"443","10.1073/pnas.71.10.4135","10.1007/bf02084158"
"444","10.1073/pnas.71.10.4135","10.1021/ci0400213"
"445","10.1073/pnas.71.10.4135","10.1126/science.abj2040"
"446","10.1073/pnas.71.10.4135","10.1039/c2cp42041d"
"447","10.1073/pnas.71.10.4135","10.1103/physreve.96.012405"
"448","10.1073/pnas.71.10.4135","10.1103/physreve.95.042408"
"449","10.1073/pnas.71.10.4135","10.1007/bf00369898"
"450","10.1073/pnas.71.10.4135","10.7554/elife.02218"
"451","10.1073/pnas.71.10.4135","10.7554/elife.02272"
"452","10.1073/pnas.71.10.4135","10.1016/s0021-9258(19)62669-4"
"453","10.1073/pnas.71.10.4135","10.1074/jbc.m611294200"
"454","10.1073/pnas.71.10.4135","10.1098/rsta.2016.0343"
"455","10.1073/pnas.71.10.4135","10.1039/c004635c"
"456","10.1073/pnas.71.10.4135","10.1101/sqb.2001.66.249"
"457","10.1073/pnas.71.10.4135","10.1101/sqb.2001.66.17"
"458","10.1073/pnas.71.10.4135","10.1111/j.1432-1033.1978.tb20927.x"
"459","10.1073/pnas.71.10.4135","10.1080/15476286.2016.1256535"
"460","10.1073/pnas.71.10.4135","10.1093/nar/gks769"
"461","10.1073/pnas.71.10.4135","10.1093/nar/gkl586"
"462","10.1073/pnas.71.10.4135","10.3390/molecules200916643"
"463","10.1073/pnas.71.10.4135","10.1002/ange.202114581"
"464","10.1073/pnas.71.10.4135","10.1021/jp106657a"
"465","10.1073/pnas.71.10.4135","10.1063/1.4938009"
"466","10.1073/pnas.71.10.4135","10.1021/jp0124645"
"467","10.1073/pnas.71.10.4135","10.1371/journal.pbio.0000028"
"468","10.1073/pnas.71.10.4135","10.1534/genetics.120.303813"
"469","10.1073/pnas.71.10.4135","10.1016/s0375-9601(03)00205-6"
"470","10.1073/pnas.71.10.4135","10.1103/physreve.89.022712"
"471","10.1073/pnas.71.10.4135","10.1016/j.celrep.2018.09.008"
"472","10.1073/pnas.71.10.4135","10.3389/fimmu.2021.673196"
"473","10.1073/pnas.71.10.4135","10.1073/pnas.2119315119"
"474","10.1073/pnas.71.10.4135","10.15252/embr.202357561"
"475","10.1073/pnas.71.10.4135","10.1146/annurev-biophys-121219-081656"
"476","10.1073/pnas.71.10.4135","10.1146/annurev-biophys-121219-081542"
"477","10.1073/pnas.71.10.4135","10.1146/annurev-biophys-052118-115534"
"478","10.1073/pnas.71.10.4135","10.1146/annurev-biophys-060414-034148"
"479","10.1073/pnas.71.10.4135","10.1146/annurev-biophys-050511-102240"
"480","10.1073/pnas.71.10.4135","10.1021/bi00505a034"
"481","10.1073/pnas.71.10.4135","10.1103/physreve.95.012152"
"482","10.1073/pnas.71.10.4135","10.1103/physreve.94.052404"
"483","10.1073/pnas.71.10.4135","10.1021/jp102400u"
"484","10.1073/pnas.71.10.4135","10.1088/1361-6633/aab3ed"
"485","10.1073/pnas.71.10.4135","10.1088/1361-6633/aaa628"
"486","10.1073/pnas.71.10.4135","10.1088/1361-6633/aa995b"
"487","10.1073/pnas.71.10.4135","10.1088/1361-6633/aa5aeb"
"488","10.1073/pnas.71.10.4135","10.1016/s0968-0004(02)02064-9"
"489","10.1073/pnas.71.10.4135","10.1016/s0968-0004(00)01737-0"
"490","10.1073/pnas.71.10.4135","10.1016/j.sbi.2021.11.005"
"491","10.1073/pnas.71.10.4135","10.1074/jbc.m205126200"
"492","10.1073/pnas.71.10.4135","10.1098/rsta.2013.0110"
"493","10.1073/pnas.71.10.4135","10.1034/j.1600-065x.2002.18516.x"
"494","10.1073/pnas.71.10.4135","10.1002/anie.200900647"
"495","10.1073/pnas.71.10.4135","10.1016/j.jtbi.2011.08.023"
"496","10.1073/pnas.71.10.4135","10.1016/j.jtbi.2011.03.006"
"497","10.1073/pnas.71.10.4135","10.1016/j.jtbi.2010.04.001"
"498","10.1073/pnas.71.10.4135","10.1016/j.jtbi.2009.10.017"
"499","10.1073/pnas.71.10.4135","10.1093/nar/gkr525"
"500","10.1073/pnas.71.10.4135","10.1016/0014-5793(83)80169-0"
"501","10.1073/pnas.71.10.4135","10.1371/journal.pone.0200241"
"502","10.1073/pnas.71.10.4135","10.1371/journal.pone.0202331"
"503","10.1073/pnas.71.10.4135","10.1021/jp0139538"
"504","10.1073/pnas.71.10.4135","10.1103/physrevlett.110.248102"
"505","10.1073/pnas.71.10.4135","10.7498/aps.65.188702"
"506","10.1073/pnas.71.10.4135","10.1534/genetics.116.197590"
"507","10.1073/pnas.71.10.4135","10.1016/s0301-4622(02)00145-x"
"508","10.1073/pnas.71.10.4135","10.1016/s0301-4622(02)00160-6"
"509","10.1073/pnas.71.10.4135","10.1073/pnas.2103598118"
"510","10.1073/pnas.71.10.4135","10.1073/pnas.2102881118"
"511","10.1073/pnas.71.10.4135","10.1073/pnas.1506823112"
"512","10.1073/pnas.71.10.4135","10.1073/pnas.0408210101"
"513","10.1073/pnas.71.10.4135","10.1038/msb.2010.99"
"514","10.1073/pnas.71.10.4135","10.1038/ncb0306-209"
"515","10.1073/pnas.71.10.4135","10.1007/s10955-022-03037-8"
"516","10.1073/pnas.71.10.4135","10.1016/0014-5793(88)81225-0"
"517","10.1073/pnas.71.10.4135","10.1088/1478-3975/aceecd"
"518","10.1073/pnas.71.10.4135","10.1002/ange.202317997"
"519","10.1073/pnas.71.10.4135","10.1021/bi00459a014"
"520","10.1073/pnas.71.10.4135","10.1103/physreve.93.056401"
"521","10.1073/pnas.71.10.4135","10.1103/physreve.93.042420"
"522","10.1073/pnas.71.10.4135","10.1103/physreve.93.042419"
"523","10.1073/pnas.71.10.4135","10.1021/jp910730s"
"524","10.1073/pnas.71.10.4135","10.1088/0034-4885/75/7/076601"
"525","10.1073/pnas.71.10.4135","10.1088/0034-4885/75/2/026601"
"526","10.1073/pnas.71.10.4135","10.1088/0034-4885/70/7/r02"
"527","10.1073/pnas.71.10.4135","10.1016/j.tibs.2020.10.006"
"528","10.1073/pnas.71.10.4135","10.1016/j.tibs.2018.10.009"
"529","10.1073/pnas.71.10.4135","10.1074/jbc.m005819200"
"530","10.1073/pnas.71.10.4135","10.1016/s0021-9258(19)89185-8"
"531","10.1073/pnas.71.10.4135","10.1016/s0021-9258(19)86634-6"
"532","10.1073/pnas.71.10.4135","10.1016/s0021-9258(18)83740-1"
"533","10.1073/pnas.71.10.4135","10.1074/jbc.m605856200"
"534","10.1073/pnas.71.10.4135","10.1002/anie.198510151"
"535","10.1073/pnas.71.10.4135","10.1016/j.jtbi.2008.07.006"
"536","10.1073/pnas.71.10.4135","10.1128/br.40.3.552-590.1976"
"537","10.1073/pnas.71.10.4135","10.1038/ncomms13881"
"538","10.1073/pnas.71.10.4135","10.1093/nar/gkq763"
"539","10.1073/pnas.71.10.4135","10.1038/embor.2011.83"
"540","10.1073/pnas.71.10.4135","10.1007/s10522-008-9171-5"
"541","10.1073/pnas.71.10.4135","10.1002/2211-5463.12362"
"542","10.1073/pnas.71.10.4135","10.1103/physrevx.11.031055"
"543","10.1073/pnas.71.10.4135","10.1103/physrevx.11.031015"
"544","10.1073/pnas.71.10.4135","10.1103/physrevx.10.011066"
"545","10.1073/pnas.71.10.4135","10.1103/physrevx.9.041054"
"546","10.1073/pnas.71.10.4135","10.1103/physrevx.9.031012"
"547","10.1073/pnas.71.10.4135","10.1103/physrevlett.110.218102"
"548","10.1073/pnas.71.10.4135","10.1103/physrevlett.110.188101"
"549","10.1073/pnas.71.10.4135","10.1534/genetics.113.153197"
"550","10.1073/pnas.71.10.4135","10.1038/srep36314"
"551","10.1073/pnas.71.10.4135","10.1073/pnas.2026786118"
"552","10.1073/pnas.71.10.4135","10.1016/0014-5793(86)80222-8"
"553","10.1073/pnas.71.10.4135","10.1016/0014-5793(85)80065-x"
"554","10.1073/pnas.71.10.4135","10.3390/e25060881"
"555","10.1073/pnas.71.10.4135","10.1126/science.8446896"
"556","10.1073/pnas.71.10.4135","10.1021/bi1009776"
"557","10.1073/pnas.71.10.4135","10.1016/j.tibs.2012.04.001"
"558","10.1073/pnas.71.10.4135","10.1016/j.tibs.2012.02.009"
"559","10.1073/pnas.71.10.4135","10.1016/j.tibs.2006.07.006"
"560","10.1073/pnas.71.10.4135","10.1016/s0021-9258(18)34436-3"
"561","10.1073/pnas.71.10.4135","10.1016/s0021-9258(17)33788-2"
"562","10.1073/pnas.71.10.4135","10.1074/jbc.m603388200"
"563","10.1073/pnas.71.10.4135","10.1074/jbc.m602870200"
"564","10.1073/pnas.71.10.4135","10.1088/1742-5468/aace2d"
"565","10.1073/pnas.71.10.4135","10.1016/j.jtbi.2007.07.025"
"566","10.1073/pnas.71.10.4135","10.1038/ncomms13314"
"567","10.1073/pnas.71.10.4135","10.1016/j.febslet.2014.07.013"
"568","10.1073/pnas.71.10.4135","10.1371/journal.pone.0055230"
"569","10.1073/pnas.71.10.4135","10.1103/physrevx.7.021049"
"570","10.1073/pnas.71.10.4135","10.1103/physrevx.7.021004"
"571","10.1073/pnas.71.10.4135","10.1103/physrevx.6.041064"
"572","10.1073/pnas.71.10.4135","10.1103/physrevx.6.021022"
"573","10.1073/pnas.71.10.4135","10.1103/physrevx.5.041039"
"574","10.1073/pnas.71.10.4135","10.1103/physrevx.4.021016"
"575","10.1073/pnas.71.10.4135","10.1016/s0166-1280(02)00118-5"
"576","10.1073/pnas.71.10.4135","10.3389/fcimb.2019.00152"
"577","10.1073/pnas.71.10.4135","10.1103/physreve.87.032702"
"578","10.1073/pnas.71.10.4135","10.1128/mcb.14.12.8107-8116.1994"
"579","10.1073/pnas.71.10.4135","10.1073/pnas.2024300118"
"580","10.1073/pnas.71.10.4135","10.1073/pnas.1420903112"
"581","10.1073/pnas.71.10.4135","10.1016/s0165-2478(99)00030-9"
"582","10.1073/pnas.71.10.4135","10.1016/s0165-2478(99)00031-0"
"583","10.1073/pnas.71.10.4135","10.1016/j.tig.2009.07.005"
"584","10.1073/pnas.71.10.4135","10.1016/j.ceb.2023.102285"
"585","10.1073/pnas.71.10.4135","10.1126/science.aau5721"
"586","10.1073/pnas.71.10.4135","10.1126/science.aaw6434"
"587","10.1073/pnas.71.10.4135","10.1088/0953-8984/18/14/s03"
"588","10.1073/pnas.71.10.4135","10.1016/s0968-0004(03)00066-5"
"589","10.1073/pnas.71.10.4135","10.1016/s0021-9258(19)70100-8"
"590","10.1073/pnas.71.10.4135","10.1016/s0021-9258(17)43845-2"
"591","10.1073/pnas.71.10.4135","10.1016/s0021-9258(17)38194-2"
"592","10.1073/pnas.71.10.4135","10.1111/j.1742-4658.2011.08283.x"
"593","10.1073/pnas.71.10.4135","10.1021/cr300513p"
"594","10.1073/pnas.71.10.4135","10.1016/j.molcel.2010.10.020"
"595","10.1073/pnas.71.10.4135","10.1016/j.molcel.2010.07.014"
"596","10.1073/pnas.71.10.4135","10.1016/j.molcel.2010.06.009"
"597","10.1073/pnas.71.10.4135","10.1016/0014-5793(82)80693-5"
"598","10.1073/pnas.71.10.4135","10.1007/bf01960616"
"599","10.1073/pnas.71.10.4135","10.1002/ange.201001436"
"600","10.1073/pnas.71.10.4135","10.1021/jacs.6b05628"
"601","10.1073/pnas.71.10.4135","10.1083/jcb.201804136"
"602","10.1073/pnas.71.10.4135","10.1063/5.0094307"
"603","10.1073/pnas.71.10.4135","10.1088/1367-2630/ab1043"
"604","10.1073/pnas.71.10.4135","10.1016/j.tpb.2019.03.007"
"605","10.1073/pnas.71.10.4135","10.1103/physrevresearch.2.033524"
"606","10.1073/pnas.71.10.4135","10.1007/bf02705188"
"607","10.1073/pnas.71.10.4135","10.1016/j.jmb.2018.05.040"
"608","10.1073/pnas.71.10.4135","10.1016/j.physrep.2011.09.001"
"609","10.1073/pnas.71.10.4135","10.7124/bc.0001ee"
"610","10.1073/pnas.71.10.4135","10.1007/s12064-021-00354-6"
"611","10.1073/pnas.71.10.4135","10.1007/s12064-021-00342-w"
"612","10.1073/pnas.71.10.4135","10.1007/s12064-011-0134-z"
"613","10.1073/pnas.71.10.4135","10.1128/mcb.00165-16"
"614","10.1073/pnas.71.10.4135","10.1073/pnas.97.20.10679"
"615","10.1073/pnas.71.10.4135","10.1073/pnas.121171998"
"616","10.1073/pnas.71.10.4135","10.1073/pnas.1300752110"
"617","10.1073/pnas.71.10.4135","10.1038/nature07582"
"618","10.1073/pnas.71.10.4135","10.1038/278857a0"
"619","10.1073/pnas.71.10.4135","10.1038/nphys3230"
"620","10.1073/pnas.71.10.4135","10.1016/j.coisb.2022.100438"
"621","10.1073/pnas.71.10.4135","10.1016/j.coisb.2022.100434"
"622","10.1073/pnas.71.10.4135","10.1016/j.coisb.2022.100435"
"623","10.1073/pnas.71.10.4135","10.1038/nri1374"
"624","10.1073/pnas.71.10.4135","10.1002/bies.202300188"
"625","10.1073/pnas.71.10.4135","10.1021/acs.jpcb.9b03757"
"626","10.1073/pnas.71.10.4135","10.1016/j.cell.2021.03.007"
"627","10.1073/pnas.71.10.4135","10.1038/nsmb1183"
"628","10.1073/pnas.71.10.4135","10.1038/nsmb1093"
"629","10.1073/pnas.71.10.4135","10.1038/nsmb831"
"630","10.1073/pnas.71.10.4135","10.1074/jbc.r117.807453"
"631","10.1073/pnas.71.10.4135","10.7554/elife.74509"
"632","10.1073/pnas.71.10.4135","10.1007/bf00328706"
"633","10.1073/pnas.71.10.4135","10.1007/bf00326064"
"634","10.1073/pnas.71.10.4135","10.1088/1742-5468/2015/00/p07025"
"635","10.1073/pnas.71.10.4135","10.1088/1742-5468/2015/06/p06001"
"636","10.1073/pnas.71.10.4135","10.1002/pmic.201300187"
"637","10.1073/pnas.71.10.4135","10.1111/j.1432-1033.1997.00408.x"
"638","10.1073/pnas.71.10.4135","10.1038/ncomms12307"
"639","10.1073/pnas.71.10.4135","10.1093/nar/gkp041"
"640","10.1073/pnas.71.10.4135","10.1016/0014-5793(85)81015-2"
"641","10.1073/pnas.71.10.4135","10.1016/j.febslet.2013.05.009"
"642","10.1073/pnas.71.10.4135","10.1371/journal.pone.0100635"
"643","10.1073/pnas.71.10.4135","10.1021/ja1061399"
"644","10.1073/pnas.71.10.4135","10.1007/s00422-020-00846-6"
"645","10.1073/pnas.71.10.4135","10.1103/physrevlett.126.080601"
"646","10.1073/pnas.71.10.4135","10.1103/physrevlett.109.118103"
"647","10.1073/pnas.71.10.4135","10.3389/fbioe.2020.00893"
"648","10.1073/pnas.71.10.4135","10.1209/0295-5075/96/60004"
"649","10.1073/pnas.71.10.4135","10.1103/physreve.85.061920"
"650","10.1073/pnas.71.10.4135","10.1016/j.celrep.2013.09.007"
"651","10.1073/pnas.71.10.4135","10.4049/jimmunol.172.5.2994"
"652","10.1073/pnas.71.10.4135","10.1007/s00294-019-00995-7"
"653","10.1073/pnas.71.10.4135","10.1002/wrna.24"
"654","10.1073/pnas.71.10.4135","10.1073/pnas.2006731117"
"655","10.1073/pnas.71.10.4135","10.1073/pnas.0305962101"
"656","10.1073/pnas.71.10.4135","10.1016/s0006-3495(02)75633-6"
"657","10.1073/pnas.71.10.4135","10.1016/s0006-3495(00)76531-3"
"658","10.1073/pnas.71.10.4135","10.7554/elife.81608"
"659","10.1073/pnas.71.10.4135","10.7554/elife.75263"
"660","10.1073/pnas.71.10.4135","10.1038/s41467-023-40404-9"
"661","10.1073/pnas.71.10.4135","10.1021/bi00319a029"
"662","10.1073/pnas.71.10.4135","10.1126/sciadv.abl9812"
"663","10.1073/pnas.71.10.4135","10.1007/s12192-019-00998-w"
"664","10.1073/pnas.71.10.4135","10.1074/jbc.271.2.646"
"665","10.1073/pnas.71.10.4135","10.1016/s0021-9258(19)86519-5"
"666","10.1073/pnas.71.10.4135","10.1016/s0021-9258(18)54888-2"
"667","10.1073/pnas.71.10.4135","10.1016/s0165-2478(99)00030-9"
"668","10.1073/pnas.71.10.4135","10.1074/jbc.m507470200"
"669","10.1073/pnas.71.10.4135","10.1088/1742-5468/2010/10/p10009"
"670","10.1073/pnas.71.10.4135","10.1016/j.jtbi.2006.04.009"
"671","10.1073/pnas.71.10.4135","10.1128/jvi.25.1.73-77.1978"
"672","10.1073/pnas.71.10.4135","10.1128/jvi.79.18.11555-11558.2005"
"673","10.1073/pnas.71.10.4135","10.1111/j.1432-1033.1982.tb07006.x"
"674","10.1073/pnas.71.10.4135","10.1111/j.1432-1033.1981.tb06298.x"
"675","10.1073/pnas.71.10.4135","10.1038/s41467-020-19395-4"
"676","10.1073/pnas.71.10.4135","10.1016/0014-5793(81)80076-2"
"677","10.1073/pnas.71.10.4135","10.1016/j.febslet.2011.12.024"
"678","10.1073/pnas.71.10.4135","10.1146/annurev-biochem-040320-103630"
"679","10.1073/pnas.71.10.4135","10.1146/annurev-biochem-071921-122857"
"680","10.1073/pnas.71.10.4135","10.1146/annurev-biochem-060815-014818"
"681","10.1073/pnas.71.10.4135","10.1146/annurev-biochem-060614-034150"
"682","10.1073/pnas.71.10.4135","10.1146/annurev-biochem-060713-035546"
"683","10.1073/pnas.71.10.4135","10.1146/annurev-biochem-113009-092313"
"684","10.1073/pnas.71.10.4135","10.1146/annurev-biochem-060408-173330"
"685","10.1073/pnas.71.10.4135","10.1146/annurev.biochem.77.070606.101431"
"686","10.1073/pnas.71.10.4135","10.1146/annurev.biochem.74.061903.155440"
"687","10.1073/pnas.71.10.4135","10.1146/annurev.biochem.73.011303.073723"
"688","10.1073/pnas.71.10.4135","10.1016/j.ymeth.2019.02.014"
"689","10.1073/pnas.71.10.4135","10.15406/mojabb.2018.02.00043"
"690","10.1073/pnas.71.10.4135","10.1002/ijch.201400018"
"691","10.1073/pnas.71.10.4135","10.1119/5.0060279"
"692","10.1073/pnas.71.10.4135","10.1111/j.1365-2958.1992.tb01516.x"
"693","10.1073/pnas.71.10.4135","10.1128/mcb.5.4.816-822.1985"
"694","10.1073/pnas.71.10.4135","10.1073/pnas.2008509117"
"695","10.1073/pnas.71.10.4135","10.1073/pnas.2010804117"
"696","10.1073/pnas.71.10.4135","10.1073/pnas.2008303117"
"697","10.1073/pnas.71.10.4135","10.1073/pnas.0808831105"
"698","10.1073/pnas.71.10.4135","10.1016/s0006-3495(03)74955-8"
"699","10.1073/pnas.71.10.4135","10.1038/35107180"
"700","10.1073/pnas.71.10.4135","10.1002/qua.560160712"
"701","10.1073/pnas.71.10.4135","10.1126/science.1334572"
"702","10.1073/pnas.71.10.4135","10.3109/10409239309085137"
"703","10.1073/pnas.71.10.4135","10.1080/10409239891204189"
"704","10.1073/pnas.71.10.4135","10.1016/s0021-9258(17)37742-6"
"705","10.1073/pnas.71.10.4135","10.1016/s0165-2478(99)00031-0"
"706","10.1073/pnas.71.10.4135","10.1371/journal.pone.0121681"
"707","10.1073/pnas.71.10.4135","10.1021/acs.langmuir.0c01763"
"708","10.1073/pnas.71.10.4135","10.1093/nar/gkac270"
"709","10.1073/pnas.71.10.4135","10.1093/nar/gkac171"
"710","10.1073/pnas.71.10.4135","10.1002/em.2860080511"
"711","10.1073/pnas.71.10.4135","10.1016/j.ymeth.2017.01.006"
"712","10.1073/pnas.71.10.4135","10.1119/10.0000634"
"713","10.1073/pnas.71.10.4135","10.1002/bies.202000055"
"714","10.1073/pnas.71.10.4135","10.1002/bies.201900135"
"715","10.1073/pnas.71.10.4135","10.1002/bies.201800244"
"716","10.1073/pnas.71.10.4135","10.1111/j.1365-2958.1994.tb01001.x"
"717","10.1073/pnas.71.10.4135","10.1002/cbdv.200790164"
"718","10.1073/pnas.71.10.4135","10.1016/j.cam.2004.07.035"
"719","10.1073/pnas.71.10.4135","10.1073/pnas.030541097"
"720","10.1073/pnas.71.10.4135","10.1073/pnas.1323856111"
"721","10.1073/pnas.71.10.4135","10.1016/0014-5793(83)80026-x"
"722","10.1073/pnas.71.10.4135","10.1002/qua.560140743"
"723","10.1073/pnas.71.10.4135","10.1126/science.3898363"
"724","10.1073/pnas.71.10.4135","10.1088/2399-6528/aab654"
"725","10.1073/pnas.71.10.4135","10.1261/rna.054486.115"
"726","10.1073/pnas.71.10.4135","10.1016/j.bmc.2021.116207"
"727","10.1073/pnas.71.10.4135","10.1074/jbc.270.44.26377"
"728","10.1073/pnas.71.10.4135","10.1016/s0021-9258(18)34482-x"
"729","10.1073/pnas.71.10.4135","10.1074/jbc.ra120.013824"
"730","10.1073/pnas.71.10.4135","10.1007/bf02428051"
"731","10.1073/pnas.71.10.4135","10.1098/rsif.2021.0883"
"732","10.1073/pnas.71.10.4135","10.1098/rsif.2019.0198"
"733","10.1073/pnas.71.10.4135","10.1002/pmic.200600442"
"734","10.1073/pnas.71.10.4135","10.1016/j.ifacol.2016.12.144"
"735","10.1073/pnas.71.10.4135","10.1016/j.crhy.2015.09.004"
"736","10.1073/pnas.71.10.4135","10.1080/08927029308048269"
"737","10.1073/pnas.71.10.4135","10.1016/j.molcel.2022.04.017"
"738","10.1073/pnas.71.10.4135","10.1016/j.molcel.2020.04.029"
"739","10.1073/pnas.71.10.4135","10.1016/j.bbamcr.2014.10.025"
"740","10.1073/pnas.71.10.4135","10.1146/annurev-conmatphys-031218-013309"
"741","10.1073/pnas.71.10.4135","10.1146/annurev-conmatphys-031214-014803"
"742","10.1073/pnas.71.10.4135","10.1146/annurev-conmatphys-031113-133924"
"743","10.1073/pnas.71.10.4135","10.1103/physrevlett.124.028101"
"744","10.1073/pnas.71.10.4135","10.1002/bies.201200092"
"745","10.1073/pnas.71.10.4135","10.1111/j.1365-2958.1991.tb01872.x"
"746","10.1073/pnas.71.10.4135","10.1073/pnas.1920873117"
"747","10.1073/pnas.71.10.4135","10.1073/pnas.0805209105"
"748","10.1073/pnas.71.10.4135","10.1073/pnas.0802049105"
"749","10.1073/pnas.71.10.4135","10.1038/416281a"
"750","10.1073/pnas.71.10.4135","10.1016/0014-5793(83)80169-0"
"751","10.1073/pnas.71.10.4135","10.1261/rna.039792.113"
"752","10.1073/pnas.71.10.4135","10.1128/jb.179.14.4567-4574.1997"
"753","10.1073/pnas.71.10.4135","10.1088/1572-9494/ac3993"
"754","10.1073/pnas.71.10.4135","10.1007/bf00425749"
"755","10.1073/pnas.71.10.4135","10.1101/gr.225615.117"
"756","10.1073/pnas.71.10.4135","10.1098/rsif.2016.0990"
"757","10.1073/pnas.71.10.4135","10.1586/erm.10.89"
"758","10.1073/pnas.71.10.4135","10.1111/j.1432-1033.1988.tb14289.x"
"759","10.1073/pnas.71.10.4135","10.1111/j.1432-1033.1986.tb09630.x"
"760","10.1073/pnas.71.10.4135","10.1111/j.1432-1033.1983.tb07643.x"
"761","10.1073/pnas.71.10.4135","10.1111/j.1432-1033.1986.tb09970.x"
"762","10.1073/pnas.71.10.4135","10.1016/j.molcel.2019.07.009"
"763","10.1073/pnas.71.10.4135","10.1016/j.molcel.2019.06.041"
"764","10.1073/pnas.71.10.4135","10.1016/j.molcel.2018.08.021"
"765","10.1073/pnas.71.10.4135","10.1016/j.coisb.2019.10.017"
"766","10.1073/pnas.71.10.4135","10.1016/j.coisb.2019.10.008"
"767","10.1073/pnas.71.10.4135","10.1016/j.cels.2021.05.013"
"768","10.1073/pnas.71.10.4135","10.1016/j.cels.2019.07.008"
"769","10.1073/pnas.71.10.4135","10.1007/s10955-015-1445-0"
"770","10.1073/pnas.71.10.4135","10.1007/s10955-015-1444-1"
"771","10.1073/pnas.71.10.4135","10.1007/s10955-015-1440-5"
"772","10.1073/pnas.71.10.4135","10.1007/s10955-015-1431-6"
"773","10.1073/pnas.71.10.4135","10.1007/s10955-015-1399-2"
"774","10.1073/pnas.71.10.4135","10.1007/s10955-015-1332-8"
"775","10.1073/pnas.71.10.4135","10.1128/ec.3.2.331-338.2004"
"776","10.1073/pnas.71.10.4135","10.1126/stke.3762007pe9"
"777","10.1073/pnas.71.10.4135","10.35459/tbp.2019.000101"
"778","10.1073/pnas.71.10.4135","10.1128/cmr.16.3.430-450.2003"
"779","10.1073/pnas.71.10.4135","10.1097/coh.0b013e32834dde31"
"780","10.1073/pnas.71.10.4135","10.1038/srep05688"
"781","10.1073/pnas.71.10.4135","10.1007/s00412-011-0340-y"
"782","10.1073/pnas.71.10.4135","10.1007/s00412-010-0298-1"
"783","10.1073/pnas.71.10.4135","10.1073/pnas.1904469117"
"784","10.1073/pnas.71.10.4135","10.1073/pnas.1911188117"
"785","10.1073/pnas.71.10.4135","10.1073/pnas.1911028117"
"786","10.1073/pnas.71.10.4135","10.1073/pnas.162369099"
"787","10.1073/pnas.71.10.4135","10.1016/0014-5793(82)80693-5"
"788","10.1073/pnas.71.10.4135","10.1016/0014-5793(81)80076-2"
"789","10.1073/pnas.71.10.4135","10.1126/science.8446899"
"790","10.1073/pnas.71.10.4135","10.1021/bi00663a034"
"791","10.1073/pnas.71.10.4135","10.1261/rna.2232710"
"792","10.1073/pnas.71.10.4135","10.1261/rna.2201210"
"793","10.1073/pnas.71.10.4135","10.1261/rna.1530509"
"794","10.1073/pnas.71.10.4135","10.1261/rna.735107"
"795","10.1073/pnas.71.10.4135","10.1261/rna.552007"
"796","10.1073/pnas.71.10.4135","10.1261/rna.412707"
"797","10.1073/pnas.71.10.4135","10.1261/rna.294907"
"798","10.1073/pnas.71.10.4135","10.1016/s0968-0004(02)02149-7"
"799","10.1073/pnas.71.10.4135","10.1016/s0092-8674(02)01086-3"
"800","10.1073/pnas.71.10.4135","10.1016/s0092-8674(02)00619-0"
"801","10.1073/pnas.71.10.4135","10.1042/bst20120068"
"802","10.1073/pnas.71.10.4135","10.1007/s40484-020-0201-x"
"803","10.1073/pnas.71.10.4135","10.1038/s41594-021-00632-3"
"804","10.1073/pnas.71.10.4135","10.1038/s41594-018-0030-z"
"805","10.1073/pnas.71.10.4135","10.1088/0253-6102/62/4/12"
"806","10.1073/pnas.71.10.4135","10.1074/jbc.ra119.007554"
"807","10.1073/pnas.71.10.4135","10.1007/bf00425571"
"808","10.1073/pnas.71.10.4135","10.1007/bf00430434"
"809","10.1073/pnas.71.10.4135","10.1007/bf00383516"
"810","10.1073/pnas.71.10.4135","10.1098/rsif.2013.0489"
"811","10.1073/pnas.71.10.4135","10.1038/ncomms6849"
"812","10.1073/pnas.71.10.4135","10.1021/acs.chemrev.0c00819"
"813","10.1073/pnas.71.10.4135","10.1021/acs.chemrev.9b00620"
"814","10.1073/pnas.71.10.4135","10.1021/acs.chemrev.9b00254"
"815","10.1073/pnas.71.10.4135","10.1034/j.1600-0854.2003.40202.x"
"816","10.1073/pnas.71.10.4135","10.1034/j.1600-0854.2002.030402.x"
"817","10.1073/pnas.71.10.4135","10.1371/journal.pone.0218930"
"818","10.1073/pnas.71.10.4135","10.1371/journal.pone.0119588"
"819","10.1073/pnas.71.10.4135","10.1371/journal.pone.0001021"
"820","10.1073/pnas.71.10.4135","10.1371/journal.pone.0000468"
"821","10.1073/pnas.71.10.4135","10.1088/1367-2630/ac0389"
"822","10.1073/pnas.71.10.4135","10.1088/1367-2630/abecb0"
"823","10.1073/pnas.71.10.4135","10.1103/physrevresearch.4.023234"
"824","10.1073/pnas.71.10.4135","10.1142/s0217979218400015"
"825","10.1073/pnas.71.10.4135","10.1103/physrevlett.123.038101"
"826","10.1073/pnas.71.10.4135","10.3389/fphy.2019.00014"
"827","10.1073/pnas.71.10.4135","10.1103/physics.9.12"
"828","10.1073/pnas.71.10.4135","10.1103/physics.3.49"
"829","10.1073/pnas.71.10.4135","10.1038/s41598-018-31641-w"
"830","10.1073/pnas.71.10.4135","10.1111/j.1749-6632.1994.tb44360.x"
"831","10.1073/pnas.71.10.4135","10.1098/rspb.2006.3732"
"832","10.1073/pnas.71.10.4135","10.1073/pnas.102167799"
"833","10.1073/pnas.71.10.4135","10.1038/s41567-022-01601-3"
"834","10.1073/pnas.71.10.4135","10.1073/pnas.2205791119"
"835","10.1073/pnas.71.10.4135","10.1038/270301a0"
"836","10.1073/pnas.71.10.4135","10.1038/s41467-023-36705-8"
"837","10.1073/pnas.71.10.4135","10.3390/ma16083037"
"838","10.1073/pnas.71.10.4135","10.1126/science.aac8167"
"839","10.1073/pnas.71.10.4135","10.1039/c7sc03236f"
"840","10.1073/pnas.71.10.4135","10.1021/acs.jpcb.0c06180"
"841","10.1073/pnas.71.10.4135","10.1021/jp061858z"
"842","10.1073/pnas.71.10.4135","10.1146/annurev-immunol-032414-112158"
"843","10.1073/pnas.71.10.4135","10.1038/nsmb.3147"
"844","10.1073/pnas.71.10.4135","10.1038/nsmb.3154"
"845","10.1073/pnas.71.10.4135","10.1038/nsmb.2240"
"846","10.1073/pnas.71.10.4135","10.1002/ejoc.200300015"
"847","10.1073/pnas.71.10.4135","10.1046/j.1365-2222.2001.01104.x"
"848","10.1073/pnas.71.10.4135","10.1128/jb.175.1.240-250.1993"
"849","10.1073/pnas.71.10.4135","10.1016/s0021-9258(18)33751-7"
"850","10.1073/pnas.71.10.4135","10.1016/s0021-9258(18)61038-5"
"851","10.1073/pnas.71.10.4135","10.1016/s0021-9258(19)69555-4"
"852","10.1073/pnas.71.10.4135","10.1103/physrevresearch.6.013082"
"853","10.1073/pnas.71.10.4135","10.1016/j.ceb.2021.02.010"
"854","10.1073/pnas.71.10.4135","10.1063/5.0133489"
"855","10.1073/pnas.71.10.4135","10.1111/1462-2920.12270"
"856","10.1073/pnas.71.10.4135","10.1098/rsos.231369"
"857","10.1073/pnas.71.10.4135","10.1016/j.isci.2023.108740"
"858","10.1073/pnas.71.10.4135","10.1016/j.ceb.2011.11.008"
"859","10.1073/pnas.71.10.4135","10.1002/anie.202114581"
"860","10.1073/pnas.71.10.4135","10.1111/j.1742-4658.2009.07027.x"
"861","10.1073/pnas.71.10.4135","10.1016/j.pbiomolbio.2016.02.001"
"862","10.1073/pnas.71.10.4135","10.1021/cr800414e"
"863","10.1073/pnas.71.10.4135","10.1016/j.molcel.2008.11.017"
"864","10.1073/pnas.71.10.4135","10.1093/nar/gkab033"
"865","10.1073/pnas.71.10.4135","10.3390/molecules25010003"
"866","10.1073/pnas.71.10.4135","10.1088/1478-3975/13/6/066011"
"867","10.1073/pnas.71.10.4135","10.1088/1478-3975/10/3/035008"
"868","10.1073/pnas.71.10.4135","10.1088/1478-3975/9/4/045005"
"869","10.1073/pnas.71.10.4135","10.1088/1478-3975/9/3/036002"
"870","10.1073/pnas.71.10.4135","10.1088/1478-3975/7/1/016003"
"871","10.1073/pnas.71.10.4135","10.1088/1478-3975/6/3/036011"
"872","10.1073/pnas.71.10.4135","10.1021/acs.jpclett.1c00190"
"873","10.1073/pnas.71.10.4135","10.1021/jacs.6b00277"
"874","10.1073/pnas.71.10.4135","10.1021/ja709971y"
"875","10.1073/pnas.71.10.4135","10.1002/wcms.1612"
"876","10.1073/pnas.71.10.4135","10.1085/jgp.201912467"
"877","10.1073/pnas.71.10.4135","10.1103/physrevresearch.2.013210"
"878","10.1073/pnas.71.10.4135","10.1016/j.jmb.2014.07.005"
"879","10.1073/pnas.71.10.4135","10.1017/s0033583516000056"
"880","10.1073/pnas.71.10.4135","10.1017/s0033583509990060"
"881","10.1073/pnas.71.10.4135","10.1017/s0033583500005254"
"882","10.1073/pnas.71.10.4135","10.1017/s0033583500005370"
"883","10.1073/pnas.71.10.4135","10.1017/s0033583500002869"
"884","10.1073/pnas.71.10.4135","10.1017/s0033583500005205"
"885","10.1073/pnas.71.10.4135","10.1017/s0033583500001669"
"886","10.1073/pnas.71.10.4135","10.1016/j.bpj.2022.03.005"
"887","10.1073/pnas.71.10.4135","10.1016/j.bpj.2021.11.024"
"888","10.1073/pnas.71.10.4135","10.1016/j.bpj.2021.10.039"
"889","10.1073/pnas.71.10.4135","10.1073/pnas.1808775116"
"890","10.1073/pnas.71.10.4135","10.1073/pnas.1806859115"
"891","10.1073/pnas.71.10.4135","10.1038/nphys2302"
"892","10.1073/pnas.71.10.4135","10.1038/nphys2276"
"893","10.1073/pnas.71.10.4135","10.3390/ijms24032266"
"894","10.1073/pnas.71.10.4135","10.1126/science.1248737"
"895","10.1073/pnas.71.10.4135","10.1021/bi00002a013"
"896","10.1073/pnas.71.10.4135","10.1021/bi00686a010"
"897","10.1073/pnas.71.10.4135","10.1016/j.btecx.2020.100024"
"898","10.1073/pnas.71.10.4135","10.1016/s0021-9258(18)91061-6"
"899","10.1073/pnas.71.10.4135","10.1007/bf00931489"
"900","10.1073/pnas.71.10.4135","10.1007/bf00266619"
"901","10.1073/pnas.71.10.4135","10.1073/pnas.2211203120"
"902","10.1073/pnas.71.10.4135","10.1073/pnas.2212795120"
"903","10.1073/pnas.71.10.4135","10.1111/gcb.16925"
"904","10.1073/pnas.71.10.4135","10.1073/pnas.2213067120"
"905","10.1073/pnas.71.10.4135","10.1073/pnas.2215694120"
"906","10.1073/pnas.71.10.4135","10.1093/nar/gkad007"
"907","10.1073/pnas.71.10.4135","10.1146/annurev-biophys-090622-102329"
"908","10.1073/pnas.71.10.4135","10.1002/wrna.1792"
"909","10.1073/pnas.71.10.4135","10.1002/yea.3374"
"910","10.1073/pnas.71.10.4135","10.1111/1751-7915.13378"
"911","10.1073/pnas.71.10.4135","10.1021/ac2032222"
"912","10.1073/pnas.71.10.4135","10.1128/jvi.01606-18"
"913","10.1073/pnas.71.10.4135","10.1128/jvi.01031-17"
"914","10.1073/pnas.71.10.4135","10.1016/j.cccn.2005.04.038"
"915","10.1073/pnas.71.10.4135","10.1016/j.pbiomolbio.2011.07.011"
"916","10.1073/pnas.71.10.4135","10.1016/j.pbiomolbio.2009.12.007"
"917","10.1073/pnas.71.10.4135","10.1111/j.1432-1033.1986.tb09609.x"
"918","10.1073/pnas.71.10.4135","10.1101/cshperspect.a032474"
"919","10.1073/pnas.71.10.4135","10.1016/j.molcel.2007.01.015"
"920","10.1073/pnas.71.10.4135","10.1093/nar/gkz902"
"921","10.1073/pnas.71.10.4135","10.1002/ange.200900647"
"922","10.1073/pnas.71.10.4135","10.1200/cci.18.00057"
"923","10.1073/pnas.71.10.4135","10.1021/acs.jpclett.0c01073"
"924","10.1073/pnas.71.10.4135","10.1021/acs.jpclett.0c00545"
"925","10.1073/pnas.71.10.4135","10.1063/5.0043671"
"926","10.1073/pnas.71.10.4135","10.1515/bchm2.1978.359.2.1541"
"927","10.1073/pnas.71.10.4135","10.1371/journal.pcbi.1009913"
"928","10.1073/pnas.71.10.4135","10.1371/journal.pgen.1003810"
"929","10.1073/pnas.71.10.4135","10.1088/1367-2630/18/3/033006"
"930","10.1073/pnas.71.10.4135","10.1088/1367-2630/17/5/055026"
"931","10.1073/pnas.71.10.4135","10.1126/scisignal.abj9842"
"932","10.1073/pnas.71.10.4135","10.1016/j.jmb.2013.07.003"
"933","10.1073/pnas.71.10.4135","10.1016/j.jmb.2013.02.038"
"934","10.1073/pnas.71.10.4135","10.1016/j.jmb.2012.10.009"
"935","10.1073/pnas.71.10.4135","10.1016/j.jmb.2012.07.025"
"936","10.1073/pnas.71.10.4135","10.3109/10409237909102564"
"937","10.1073/pnas.71.10.4135","10.1016/j.ijmm.2013.07.006"
"938","10.1073/pnas.71.10.4135","10.1016/j.bpj.2020.06.002"
"939","10.1073/pnas.71.10.4135","10.1529/biophysj.108.131771"
"940","10.1073/pnas.71.10.4135","10.1128/mcb.15.1.298"
"941","10.1073/pnas.71.10.4135","10.1073/pnas.131215498"
"942","10.1073/pnas.71.10.4135","10.1073/pnas.1721096115"
"943","10.1073/pnas.71.10.4135","10.1016/j.bpj.2012.11.2341"
"944","10.1073/pnas.71.10.4135","10.1016/j.cossms.2018.11.002"
"945","10.1073/pnas.71.10.4135","10.1038/44872"
"946","10.1073/pnas.71.10.4135","10.1002/qua.560230238"
"947","10.1073/pnas.71.10.4135","10.1002/qua.20385"
"948","10.1073/pnas.71.10.4135","10.1103/physreve.106.064128"
"949","10.1073/pnas.71.10.4135","10.1002/ange.202309501"
"950","10.1073/pnas.71.10.4135","10.1016/j.it.2021.09.004"
"951","10.1073/pnas.71.10.4135","10.1126/science.8146659"
"952","10.1073/pnas.71.10.4135","10.1021/bi00528a001"
"953","10.1073/pnas.71.10.4135","10.1021/bi00580a034"
"954","10.1073/pnas.71.10.4135","10.1103/physreve.105.044140"
"955","10.1073/pnas.71.10.4135","10.1016/j.cbpa.2010.08.001"
"956","10.1073/pnas.71.10.4135","10.1021/acs.jpcb.7b06828"
"957","10.1073/pnas.71.10.4135","10.1016/j.cell.2018.04.005"
"958","10.1073/pnas.71.10.4135","10.1128/jb.170.8.3756-3760.1988"
"959","10.1073/pnas.71.10.4135","10.1155/2010/960298"
"960","10.1073/pnas.71.10.4135","10.3389/fendo.2022.1029177"
"961","10.1073/pnas.71.10.4135","10.1021/acs.jpclett.3c00345"
"962","10.1073/pnas.71.10.4135","10.1016/j.bpj.2023.02.028"
"963","10.1073/pnas.71.10.4135","10.1016/j.bpj.2022.12.028"
"964","10.1073/pnas.71.10.4135","10.1016/j.molcel.2023.01.019"
"965","10.1073/pnas.71.10.4135","10.15406/mojabb.2021.05.00151"
"966","10.1073/pnas.71.10.4135","10.1098/rsif.2022.0810"
"967","10.1073/pnas.71.10.4135","10.1007/s10739-014-9382-3"
"968","10.1073/pnas.71.10.4135","10.1016/j.cplett.2011.12.065"
"969","10.1073/pnas.71.10.4135","10.1158/2326-6066.cir-15-0042"
"970","10.1073/pnas.71.10.4135","10.1002/wsbm.1306"
"971","10.1073/pnas.71.10.4135","10.1586/epr.13.7"
"972","10.1073/pnas.71.10.4135","10.1038/ncomms1850"
"973","10.1073/pnas.71.10.4135","10.1093/nar/gkz701"
"974","10.1073/pnas.71.10.4135","10.1093/nar/gkz254"
"975","10.1073/pnas.71.10.4135","10.1093/nar/gkz008"
"976","10.1073/pnas.71.10.4135","10.1007/s00018-017-2503-3"
"977","10.1073/pnas.71.10.4135","10.1016/j.plrev.2010.08.002"
"978","10.1073/pnas.71.10.4135","10.1371/journal.pone.0113516"
"979","10.1073/pnas.71.10.4135","10.1371/journal.pone.0065623"
"980","10.1073/pnas.71.10.4135","10.1371/journal.pcbi.1008359"
"981","10.1073/pnas.71.10.4135","10.1371/journal.pcbi.1008654"
"982","10.1073/pnas.71.10.4135","10.1371/journal.pcbi.1007884"
"983","10.1073/pnas.71.10.4135","10.1371/journal.pcbi.1007789"
"984","10.1073/pnas.71.10.4135","10.1088/1367-2630/16/10/103024"
"985","10.1073/pnas.71.10.4135","10.1016/j.bpj.2018.08.013"
"986","10.1073/pnas.71.10.4135","10.1016/j.mib.2008.02.015"
"987","10.1073/pnas.71.10.4135","10.1073/pnas.1721431115"
"988","10.1073/pnas.71.10.4135","10.1073/pnas.1119911109"
"989","10.1073/pnas.71.10.4135","10.1088/1742-5468/ac85e8"
"990","10.1073/pnas.71.10.4135","10.1038/s41467-022-34516-x"
"991","10.1073/pnas.71.10.4135","10.1073/pnas.1817255116"
"992","10.1073/pnas.71.10.4135","10.1007/bf00596848"
"993","10.1073/pnas.71.10.4135","10.1088/0953-8984/29/2/025101"
"994","10.1073/pnas.71.10.4135","10.1088/0953-8984/28/15/153004"
"995","10.1073/pnas.71.10.4135","10.1103/physreve.104.034417"
"996","10.1073/pnas.71.10.4135","10.1103/physreve.104.014408"
"997","10.1073/pnas.71.10.4135","10.1103/physreve.103.062412"
"998","10.1073/pnas.71.10.4135","10.1016/j.cbpa.2008.01.016"
"999","10.1073/pnas.71.10.4135","10.1016/j.cell.2017.03.006"
"1000","10.1073/pnas.71.10.4135","10.1016/j.cell.2016.06.012"
"1001","10.1073/pnas.71.10.4135","10.1016/j.cell.2016.02.047"
"1002","10.1073/pnas.71.10.4135","10.1016/s0021-9258(18)43486-2"
"1003","10.1073/pnas.71.10.4135","10.7554/elife.60415"
"1004","10.1073/pnas.71.10.4135","10.1101/gad.7.2.173"
"1005","10.1073/pnas.71.10.4135","10.1021/acs.jpcb.3c01376"
"1006","10.1073/pnas.71.10.4135","10.1093/nar/gky1178"
"1007","10.1073/pnas.71.10.4135","10.1093/nar/gky346"
"1008","10.1073/pnas.71.10.4135","10.1016/s0167-4781(98)00169-9"
"1009","10.1073/pnas.71.10.4135","10.1007/bf01933911"
"1010","10.1073/pnas.71.10.4135","10.1051/mmnp/20105313"
"1011","10.1073/pnas.71.10.4135","10.1371/journal.pone.0163134"
"1012","10.1073/pnas.71.10.4135","10.1371/journal.pone.0066112"
"1013","10.1073/pnas.71.10.4135","10.1371/journal.pone.0015004"
"1014","10.1073/pnas.71.10.4135","10.1021/ja511945e"
"1015","10.1073/pnas.71.10.4135","10.1186/s12915-015-0117-5"
"1016","10.1073/pnas.71.10.4135","10.1186/s12915-014-0102-4"
"1017","10.1073/pnas.71.10.4135","10.1186/1741-7007-12-29"
"1018","10.1073/pnas.71.10.4135","10.1186/1741-7007-11-110"
"1019","10.1073/pnas.71.10.4135","10.1083/jcb.200909175"
"1020","10.1073/pnas.71.10.4135","10.1083/jcb.200811080"
"1021","10.1073/pnas.71.10.4135","10.1063/5.0018558"
"1022","10.1073/pnas.71.10.4135","10.1063/5.0009747"
"1023","10.1073/pnas.71.10.4135","10.1063/1.5144726"
"1024","10.1073/pnas.71.10.4135","10.1146/annurev.physchem.58.032806.104550"
"1025","10.1073/pnas.71.10.4135","10.1371/journal.pcbi.1007681"
"1026","10.1073/pnas.71.10.4135","10.1103/physrevlett.118.158103"
"1027","10.1073/pnas.71.10.4135","10.1016/j.jmb.2010.04.038"
"1028","10.1073/pnas.71.10.4135","10.1016/j.jmb.2009.10.031"
"1029","10.1073/pnas.71.10.4135","10.1038/nnano.2008.190"
"1030","10.1073/pnas.71.10.4135","10.1016/j.bpj.2017.12.008"
"1031","10.1073/pnas.71.10.4135","10.1016/j.bpj.2017.06.010"
"1032","10.1073/pnas.71.10.4135","10.1529/biophysj.105.066001"
"1033","10.1073/pnas.71.10.4135","10.1529/biophysj.105.080044"
"1034","10.1073/pnas.71.10.4135","10.1016/0301-4622(92)80030-9"
"1035","10.1073/pnas.71.10.4135","10.1002/anie.202317997"
"1036","10.1073/pnas.71.10.4135","10.1021/bi00279a005"
"1037","10.1073/pnas.71.10.4135","10.1088/0953-8984/27/6/064108"
"1038","10.1073/pnas.71.10.4135","10.1103/physreve.103.052411"
"1039","10.1073/pnas.71.10.4135","10.1103/physreve.103.032110"
"1040","10.1073/pnas.71.10.4135","10.1016/j.cell.2015.03.052"
"1041","10.1073/pnas.71.10.4135","10.1016/j.cell.2014.08.042"
"1042","10.1073/pnas.71.10.4135","10.7554/elife.52483"
"1043","10.1073/pnas.71.10.4135","10.1016/s0021-9258(19)68712-0"
"1044","10.1073/pnas.71.10.4135","10.1016/s0021-9258(19)40720-5"
"1045","10.1073/pnas.71.10.4135","10.1046/j.1440-1592.1999.00132.x"
"1046","10.1073/pnas.71.10.4135","10.1111/j.1432-1033.1990.tb15409.x"
"1047","10.1073/pnas.71.10.4135","10.1093/nar/gkx1256"
"1048","10.1073/pnas.71.10.4135","10.1093/nar/gkx849"
"1049","10.1073/pnas.71.10.4135","10.1016/1010-6030(94)02007-8"
"1050","10.1073/pnas.71.10.4135","10.1021/acs.jpclett.7b03197"
"1051","10.1073/pnas.71.10.4135","10.1016/j.biochi.2015.04.013"
"1052","10.1073/pnas.71.10.4135","10.1063/1.5120511"
"1053","10.1073/pnas.71.10.4135","10.1063/1.3274803"
"1054","10.1073/pnas.71.10.4135","10.1371/journal.pcbi.1005490"
"1055","10.1073/pnas.71.10.4135","10.1007/s11047-017-9646-x"
"1056","10.1073/pnas.71.10.4135","10.1007/s11047-013-9379-4"
"1057","10.1073/pnas.71.10.4135","10.1016/s0969-2126(96)00122-0"
"1058","10.1073/pnas.71.10.4135","10.1128/ecosalplus.2.5.4"
"1059","10.1073/pnas.71.10.4135","10.1103/physrevlett.102.258101"
"1060","10.1073/pnas.71.10.4135","10.1093/genetics/148.4.1551"
"1061","10.1073/pnas.71.10.4135","10.3390/life12040567"
"1062","10.1073/pnas.71.10.4135","10.1111/j.1749-6632.1979.tb14140.x"
"1063","10.1073/pnas.71.10.4135","10.1016/j.bbagrm.2013.02.006"
"1064","10.1073/pnas.71.10.4135","10.1007/s12304-021-09405-3"
"1065","10.1073/pnas.71.10.4135","10.1007/s12304-012-9143-7"
"1066","10.1073/pnas.71.10.4135","10.1016/j.bpj.2016.01.022"
"1067","10.1073/pnas.71.10.4135","10.1098/rstb.2016.0185"
"1068","10.1073/pnas.71.10.4135","10.1073/pnas.1712962114"
"1069","10.1073/pnas.71.10.4135","10.1073/pnas.1200939109"
"1070","10.1073/pnas.71.10.4135","10.1021/acs.jpcb.2c05513"
"1071","10.1073/pnas.71.10.4135","10.1016/0014-5793(78)81001-1"
"1072","10.1073/pnas.71.10.4135","10.1038/s43588-021-00076-1"
"1073","10.1073/pnas.71.10.4135","10.1021/bi00345a040"
"1074","10.1073/pnas.71.10.4135","10.1103/physreve.101.062420"
"1075","10.1073/pnas.71.10.4135","10.1103/physreve.101.062125"
"1076","10.1073/pnas.71.10.4135","10.1016/j.cell.2013.03.032"
"1077","10.1073/pnas.71.10.4135","10.1016/j.tcs.2004.03.015"
"1078","10.1073/pnas.71.10.4135","10.1128/jb.153.1.357-363.1983"
"1079","10.1073/pnas.71.10.4135","10.1128/jb.02579-14"
"1080","10.1073/pnas.71.10.4135","10.1016/s0021-9258(17)35774-5"
"1081","10.1073/pnas.71.10.4135","10.1101/gad.1336305"
"1082","10.1073/pnas.71.10.4135","10.1016/s0021-9258(18)45991-1"
"1083","10.1073/pnas.71.10.4135","10.1074/jbc.m806717200"
"1084","10.1073/pnas.71.10.4135","10.1134/s0026893320050027"
"1085","10.1073/pnas.71.10.4135","10.1134/s0026893320040159"
"1086","10.1073/pnas.71.10.4135","10.1134/s0026893319020043"
"1087","10.1073/pnas.71.10.4135","10.1111/j.1432-1033.1989.tb14525.x"
"1088","10.1073/pnas.71.10.4135","10.1111/j.1432-1033.1992.tb17441.x"
"1089","10.1073/pnas.71.10.4135","10.1007/bf01923511"
"1090","10.1073/pnas.71.10.4135","10.1021/acs.jpclett.7b00441"
"1091","10.1073/pnas.71.10.4135","10.1016/j.biochi.2012.05.019"
"1092","10.1073/pnas.71.10.4135","10.1371/journal.pcbi.1005421"
"1093","10.1073/pnas.71.10.4135","10.2142/biophysics.11.85"
"1094","10.1073/pnas.71.10.4135","10.1016/s0531-5565(02)00030-x"
"1095","10.1073/pnas.71.10.4135","10.1002/prot.24131"
"1096","10.1073/pnas.71.10.4135","10.1103/physrevlett.84.2271"
"1097","10.1073/pnas.71.10.4135","10.1016/j.jmb.2008.11.056"
"1098","10.1073/pnas.71.10.4135","10.1016/j.jmb.2008.08.009"
"1099","10.1073/pnas.71.10.4135","10.1016/s0166-1280(00)00329-8"
"1100","10.1073/pnas.71.10.4135","10.1038/ng1956"
"1101","10.1073/pnas.71.10.4135","10.1002/cbic.200500364"
"1102","10.1073/pnas.71.10.4135","10.1002/cbic.200500299"
"1103","10.1073/pnas.71.10.4135","10.1016/j.bpc.2011.05.006"
"1104","10.1073/pnas.71.10.4135","10.1529/biophysj.104.050765"
"1105","10.1073/pnas.71.10.4135","10.1529/biophysj.104.042929"
"1106","10.1073/pnas.71.10.4135","10.1073/pnas.1708148114"
"1107","10.1073/pnas.71.10.4135","10.1073/pnas.1116480109"
"1108","10.1073/pnas.71.10.4135","10.1038/342142a0"
"1109","10.1073/pnas.71.10.4135","10.1103/physreve.106.044405"
"1110","10.1073/pnas.71.10.4135","10.1016/0014-5793(77)80792-8"
"1111","10.1073/pnas.71.10.4135","10.1002/anie.202309501"
"1112","10.1073/pnas.71.10.4135","10.1007/bf00450633"
"1113","10.1073/pnas.71.10.4135","10.1021/bi00342a019"
"1114","10.1073/pnas.71.10.4135","10.1088/0953-8984/25/37/374104"
"1115","10.1073/pnas.71.10.4135","10.1103/physreve.101.040401"
"1116","10.1073/pnas.71.10.4135","10.1103/physreve.101.042204"
"1117","10.1073/pnas.71.10.4135","10.1103/physreve.101.022415"
"1118","10.1073/pnas.71.10.4135","10.1103/physreve.101.012410"
"1119","10.1073/pnas.71.10.4135","10.1103/physreve.101.012409"
"1120","10.1073/pnas.71.10.4135","10.1103/physreve.100.062502"
"1121","10.1073/pnas.71.10.4135","10.1016/j.cell.2010.06.039"
"1122","10.1073/pnas.71.10.4135","10.7554/elife.42498"
"1123","10.1073/pnas.71.10.4135","10.7554/elife.41017"
"1124","10.1073/pnas.71.10.4135","10.7554/elife.39180"
"1125","10.1073/pnas.71.10.4135","10.1101/gad.1131003"
"1126","10.1073/pnas.71.10.4135","10.1016/s0021-9258(19)69044-7"
"1127","10.1073/pnas.71.10.4135","10.1134/s0026893306040182"
"1128","10.1073/pnas.71.10.4135","10.1098/rsob.180249"
"1129","10.1073/pnas.71.10.4135","10.1002/eji.201445214"
"1130","10.1073/pnas.71.10.4135","10.1371/journal.pcbi.1004351"
"1131","10.1073/pnas.71.10.4135","10.3390/biom11101530"
"1132","10.1073/pnas.71.10.4135","10.1142/s0217979203018028"
"1133","10.1073/pnas.71.10.4135","10.1103/physrevlett.115.260603"
"1134","10.1073/pnas.71.10.4135","10.1103/physrevlett.115.248101"
"1135","10.1073/pnas.71.10.4135","10.1016/j.semcdb.2014.06.012"
"1136","10.1073/pnas.71.10.4135","10.1038/ni.2940"
"1137","10.1073/pnas.71.10.4135","10.1016/s0301-4622(03)00068-1"
"1138","10.1073/pnas.71.10.4135","10.1016/j.molcatb.2009.03.015"
"1139","10.1073/pnas.71.10.4135","10.1080/01442350902999682"
"1140","10.1073/pnas.71.10.4135","10.1073/pnas.1614838114"
"1141","10.1073/pnas.71.10.4135","10.1016/j.bpj.2014.10.022"
"1142","10.1073/pnas.71.10.4135","10.1126/science.277.5330.1262"
"1143","10.1073/pnas.71.10.4135","10.1016/0014-5793(75)80702-2"
"1144","10.1073/pnas.71.10.4135","10.1016/s0161-5890(02)00065-2"
"1145","10.1073/pnas.71.10.4135","10.1049/ip-syb:20050086"
"1146","10.1073/pnas.71.10.4135","10.1103/physrevlett.129.278001"
"1147","10.1073/pnas.71.10.4135","10.1063/5.0166848"
"1148","10.1073/pnas.71.10.4135","10.1126/science.1111408"
"1149","10.1073/pnas.71.10.4135","10.1126/science.1113415"
"1150","10.1073/pnas.71.10.4135","10.1103/physreve.100.012131"
"1151","10.1073/pnas.71.10.4135","10.1088/1674-1056/25/1/018706"
"1152","10.1073/pnas.71.10.4135","10.1016/j.cell.2009.01.036"
"1153","10.1073/pnas.71.10.4135","10.1016/j.cell.2009.01.019"
"1154","10.1073/pnas.71.10.4135","10.1016/0040-4020(77)84042-8"
"1155","10.1073/pnas.71.10.4135","10.21468/scipostphys.12.4.139"
"1156","10.1073/pnas.71.10.4135","10.1016/s0021-9258(17)30278-8"
"1157","10.1073/pnas.71.10.4135","10.1098/rspa.2016.0822"
